channel_id,channel_name,video_id,title,published_at,views,likes,comments,engagement,engagement_rate,comments_analyzed,url
UCiF6LV007Hk9fkmZb1M-tNA,DK Shivakumar,bkmwrWLFldw,"When government and industry work with a shared purpose, transformation becomes possible. #csr",2026-07-24T12:45:03Z,1270,19,0,19,1.5,0,https://www.youtube.com/watch?v=bkmwrWLFldw
UCrDhun9yW_iBOLjDWjouUgg,M B Patil,-nrg0kChVLU,"ತಿಕೋಟಾದ ರೈತ ಕುಟುಂಬವೊಂದು ವಿಜಯಪುರದಲ್ಲಿ ನಿರ್ಮಿಸಿದ ತಮ್ಮ ಮನೆಗೆ ""ಎಂ.ಬಿ. ಪಾಟೀಲ ನಿಲಯ"" ಎಂದು ನಾಮಕರಣ ಮಾಡಿದೆ",2026-07-23T07:02:14Z,25,1,0,1,4.0,0,https://www.youtube.com/watch?v=-nrg0kChVLU
UCW-Jablp8dkfK_3-EXlYzlQ,R Ashoka,g5ou4o4AfGs,Press Meet 11.08.2026,2026-08-11T08:40:46Z,31,4,0,4,12.9,0,https://www.youtube.com/watch?v=g5ou4o4AfGs
UCW-Jablp8dkfK_3-EXlYzlQ,R Ashoka,Azdf1CDYlsw,ಬಿಡದಿ ಪಾದಯಾತ್ರೆಯ ಭಾಷಣ,2026-08-10T12:28:07Z,358,2,0,2,0.56,0,https://www.youtube.com/watch?v=Azdf1CDYlsw
UCW-Jablp8dkfK_3-EXlYzlQ,R Ashoka,zE6E7130WYs,Media Byte 07.08.2026,2026-08-07T14:06:32Z,21,2,0,2,9.52,0,https://www.youtube.com/watch?v=zE6E7130WYs
UCW-Jablp8dkfK_3-EXlYzlQ,R Ashoka,pyrFdD_9VZM,Press Meet 04.08.2026,2026-08-04T09:00:58Z,26,1,0,1,3.85,0,https://www.youtube.com/watch?v=pyrFdD_9VZM
UCW-Jablp8dkfK_3-EXlYzlQ,R Ashoka,W2xJGfBEeMo,"ಕಾಂಗ್ರೆಸ್ ಸರ್ಕಾರಕ್ಕೆ ಅಧಿಕಾರವೇ ಮುಖ್ಯ, ರೈತರ ಹಿತವಲ್ಲ!",2026-07-31T17:11:00Z,27,0,0,0,0.0,0,https://www.youtube.com/watch?v=W2xJGfBEeMo
UCW-Jablp8dkfK_3-EXlYzlQ,R Ashoka,pIT7HWcWUTI,Press Meet ,2026-07-27T11:44:12Z,28,1,0,1,3.57,0,https://www.youtube.com/watch?v=pIT7HWcWUTI
UCW-Jablp8dkfK_3-EXlYzlQ,R Ashoka,wfetqedxBTw,Press Meet 02,2026-07-24T03:00:23Z,14,1,0,1,7.14,0,https://www.youtube.com/watch?v=wfetqedxBTw
UCW-Jablp8dkfK_3-EXlYzlQ,R Ashoka,0QMRg0IbPDQ,Press Meet 01,2026-07-24T02:00:17Z,19,1,0,1,5.26,0,https://www.youtube.com/watch?v=0QMRg0IbPDQ
UCW-Jablp8dkfK_3-EXlYzlQ,R Ashoka,e7tmLylHDzg,Press Meet,2026-07-23T18:22:43Z,4,0,0,0,0.0,0,https://www.youtube.com/watch?v=e7tmLylHDzg
UCW-Jablp8dkfK_3-EXlYzlQ,R Ashoka,irdK4WaUlto,ಬರಗಾಲದಿಂದ ಕಲ್ಯಾಣ ಕರ್ನಾಟಕದ ಹಲವು ಭಾಗಗಳ ಜನರು ಗುಳೆ ಹೋಗುವಂತಹ ದುಸ್ಥಿತಿ ಎದುರಾಗಿದೆ.,2026-07-23T11:57:55Z,6,1,0,1,16.67,0,https://www.youtube.com/watch?v=irdK4WaUlto
UCW-Jablp8dkfK_3-EXlYzlQ,R Ashoka,3ZL5U67xWWQ,ನೀಟ್ ಮತ್ತು ಕೆಪಿಎಸ್‌ಸಿ ಪರೀಕ್ಷಾ ವ್ಯವಸ್ಥೆಯಲ್ಲಿ ರಾಜಕೀಯ ಲಾಭಕ್ಕಿಂತ ಪಾರದರ್ಶಕತೆಯೇ ಮುಖ್ಯ!,2026-07-23T11:51:14Z,0,0,0,0,0,0,https://www.youtube.com/watch?v=3ZL5U67xWWQ
UCW-Jablp8dkfK_3-EXlYzlQ,R Ashoka,yLxh14zXQ-U,"ಬಿಡದಿಯ ಮಂಡಲಹಳ್ಳಿಯ ರೈತರ ನೋವನ್ನು ಆಲಿಸಿ, ಅವರೊಂದಿಗೆ ಸಂವಾದ ನಡೆಸುತ್ತಿರುವ ಸಂದರ್ಭ.",2026-07-17T18:45:04Z,3,0,0,0,0.0,0,https://www.youtube.com/watch?v=yLxh14zXQ-U
UCW-Jablp8dkfK_3-EXlYzlQ,R Ashoka,kSrMTQJherE,"""ಬಿಡದಿ ರೈತರ ಒಕ್ಕಲೆಬ್ಬಿಸುವ ಸರ್ಕಾರದ ವಿರುದ್ಧ ಬಿಜೆಪಿಯ ಬೃಹತ್ ಪಾದಯಾತ್ರೆ! ರೈತರ ಪರವಾಗಿ ನಮ್ಮ ಹೋರಾಟ ನಿರಂತರ.",2026-07-17T18:15:37Z,6,0,0,0,0.0,0,https://www.youtube.com/watch?v=kSrMTQJherE
UCW-Jablp8dkfK_3-EXlYzlQ,R Ashoka,HaX1s_Pz85k,ಡಿ.ಕೆ. ಶಿವಕುಮಾರ್ ಆಡಳಿತದಲ್ಲಿ ನಡೆಯುತ್ತಿದೆಯೇ ರಿಯಲ್ ಎಸ್ಟೇಟ್ ರಾಜಕೀಯ?,2026-07-17T18:15:19Z,22,1,0,1,4.55,0,https://www.youtube.com/watch?v=HaX1s_Pz85k
UCW-Jablp8dkfK_3-EXlYzlQ,R Ashoka,9jppmPCHb1I,ಚಿನ್ನಸ್ವಾಮಿ ಕ್ರೀಡಾಂಗಣದ ಕಾಲ್ತುಳಿತ ಪ್ರಕರಣ – ಅಮಾಯಕರ ಸಾವಿಗೆ ನ್ಯಾಯ ಎಲ್ಲಿದೆ?,2026-07-17T18:06:39Z,5,0,0,0,0.0,0,https://www.youtube.com/watch?v=9jppmPCHb1I
UCW-Jablp8dkfK_3-EXlYzlQ,R Ashoka,3kVNxPASeI8,ಒಣಗುತ್ತಿರುವ ಕಬ್ಬಿನ ಗದ್ದೆಗಳು... ಕಣ್ಣೀರಿಡುತ್ತಿರುವ ಅನ್ನದಾತ!,2026-07-17T18:06:14Z,3,0,0,0,0.0,0,https://www.youtube.com/watch?v=3kVNxPASeI8
UCb25jMunFYA7rt9TMuj8ldw,Office of B.Y. Vijayendra ,AT14VPxW6l8,ರಾಷ್ಟ್ರಧ್ವಜವನ್ನು ಎತ್ತಿ ಹಿಡಿಯೋಣವಿಕಸಿತ ಭಾರತದೆಡೆಗೆಒಂದಾಗಿ ಮುನ್ನಡೆಯೋಣ,2026-08-11T07:54:21Z,1373,24,0,24,1.75,0,https://www.youtube.com/watch?v=AT14VPxW6l8
UCb25jMunFYA7rt9TMuj8ldw,Office of B.Y. Vijayendra ,OpWUjlPjKCc,ಶಿಕಾರಿಪುರದಲ್ಲಿ 'ಮನ್ ಕೀ ಬಾತ್' ಶೇ.100 ವೀಕ್ಷಣೆ; ಸ್ವಕ್ಷೇತ್ರದ ಮುಖಂಡರೊಂದಿಗೆ ಸಹಭೋಜನ ಸಂಭ್ರಮ,2026-07-29T11:41:08Z,10,3,0,3,30.0,0,https://www.youtube.com/watch?v=OpWUjlPjKCc
UCb25jMunFYA7rt9TMuj8ldw,Office of B.Y. Vijayendra ,qA2JDD61yhY,"ದಿಕ್ಕೆಟ್ಟ ಕಾಂಗ್ರೆಸ್‌ ಆಳ್ವಿಕೆ ಅಕ್ರಮ ವಲಸಿಗರ ತುಷ್ಟಿಕರಣ, ಸಮಾಜ ಸೇವಕರ ಮೇಲೆ ದಬ್ಬಾಳಿಕೆ!",2026-07-29T08:29:27Z,7,1,0,1,14.29,0,https://www.youtube.com/watch?v=qA2JDD61yhY
UCb25jMunFYA7rt9TMuj8ldw,Office of B.Y. Vijayendra ,ZK_xpYFkZHA,SIRಮಹಾಸಂಪರ್ಕ ಅಭಿಯಾನ,2026-07-27T07:48:08Z,6,2,0,2,33.33,0,https://www.youtube.com/watch?v=ZK_xpYFkZHA
UCb25jMunFYA7rt9TMuj8ldw,Office of B.Y. Vijayendra ,B8-xaYAisQA,ಪ್ರತಿಭಟನೆ ಹೆಸರಲ್ಲಿ ದೇಶವಿರೋಧಿಗಳ ಜೊತೆಗೂಡಿ ಅರಾಜಕತೆ ಸೃಷ್ಟಿಗೆ ಕಾಂಗ್ರೆಸ್ ಷಡ್ಯಂತ್ರ,2026-07-21T12:30:48Z,201,30,15,45,22.39,15,https://www.youtube.com/watch?v=B8-xaYAisQA
UCb25jMunFYA7rt9TMuj8ldw,Office of B.Y. Vijayendra ,OTHxnFy2VjM,ರಾಜ್ಯದ ಮುಖ್ಯಮಂತ್ರಿಗಳಿಗೆ ರೈತರು ಆದ್ಯತೆ ಆಗಬೇಕೆ ಹೊರತು ರಿಯಲ್ ಎಸ್ಟೇಟ್ ಅಲ್ಲ,2026-07-13T12:22:44Z,6,1,0,1,16.67,0,https://www.youtube.com/watch?v=OTHxnFy2VjM
UCcm8KIZIdQadGtRSrXf8Dzw, Health Minister U T Khader Official,hz5iYseleVI,ಆಹಾರ ಸುರಕ್ಷತೆಯಲ್ಲಿ ಹೊಸ ಕ್ರಮಗಳು! ಸಚಿವ ಯು.ಟಿ. ಖಾದರ್ ಮಹತ್ವದ ಮಾಹಿತಿ,2026-07-31T14:14:46Z,139,1,0,1,0.72,0,https://www.youtube.com/watch?v=hz5iYseleVI
UCIwDbH-0ZEjQ2lZaeA9aQjQ,Sunil Kumar karkala,LW9IxtHxRVM,PM Modi interacts with India's CWG champions,2026-08-11T08:04:06Z,3,1,0,1,33.33,0,https://www.youtube.com/watch?v=LW9IxtHxRVM
UCIwDbH-0ZEjQ2lZaeA9aQjQ,Sunil Kumar karkala,MuOktTx3L9E,ರೆಂಜಾಳ ಹೆಡ್ಮೆ ಪ್ರದೇಶದಲ್ಲಿ ನಡೆದ ಭೂಕುಸಿತ ಸ್ಥಳಕ್ಕೆ ಉಸ್ತುವಾರಿ ಸಚಿವರು ಹಾಗೂ ಅಧಿಕಾರಿಗಳೊಂದಿಗೆ ಭೇಟಿ,2026-08-08T12:18:28Z,10,0,0,0,0.0,0,https://www.youtube.com/watch?v=MuOktTx3L9E
